-- ============================================================
-- Card Module Mock Data (重新生成版)
-- 依賴：customer_profile 表必須先有資料
-- ============================================================

-- ===== 清除舊資料（依 FK 順序由下往上刪）=====
DELETE FROM CARD_BILL;
DELETE FROM CARD_TRANSACTION;
DELETE FROM CREDIT_CARD;
DELETE FROM CARD_APPLICATION_ITEM;
DELETE FROM CARD_APPLICATION;
DELETE FROM MERCHANT;
DELETE FROM CARD_TYPE;

-- ===== 重置 IDENTITY 種子 =====
DBCC CHECKIDENT ('CARD_TYPE', RESEED, 0);
DBCC CHECKIDENT ('CARD_APPLICATION', RESEED, 0);
DBCC CHECKIDENT ('CARD_APPLICATION_ITEM', RESEED, 0);
DBCC CHECKIDENT ('CREDIT_CARD', RESEED, 0);
DBCC CHECKIDENT ('CARD_TRANSACTION', RESEED, 0);
DBCC CHECKIDENT ('CARD_BILL', RESEED, 0);

-- ===== 1. CARD_TYPE =====
SET IDENTITY_INSERT CARD_TYPE ON;
INSERT INTO CARD_TYPE (card_type_id, card_type_name, brand, annual_fee, cashback_rate, card_image_url) VALUES
(1, N'現金回饋卡', 'VISA', 1000, 1.5, 'img/cashback1.png'),
(2, N'旅遊卡', 'Master', 2000, 2.0, 'img/travel1.png'),
(3, N'百貨聯名卡', 'JCB', 1500, 1.2, 'img/store1.png'),
(4, N'加油卡', 'VISA', 800, 3.0, 'img/gas1.png'),
(5, N'學生卡', 'Master', 0, 0.5, 'img/student1.png'),
(6, N'商務卡', 'VISA', 5000, 2.5, 'img/business1.png'),
(7, N'航空哩程卡', 'JCB', 3000, 2.2, 'img/airline1.png'),
(8, N'購物卡', 'Master', 1200, 1.8, 'img/shop1.png'),
(9, N'美食卡', 'VISA', 900, 2.0, 'img/food1.png'),
(10, N'頂級黑卡', 'Master', 10000, 3.5, 'img/black1.png');
SET IDENTITY_INSERT CARD_TYPE OFF;

-- ===== 2. MERCHANT =====
INSERT INTO MERCHANT (merchant_id, merchant_name, merchant_category) VALUES
(1, '7-11', 'SHOPPING'),
(2, 'FamilyMart', 'SHOPPING'),
(3, 'Starbucks', 'FOOD'),
(4, 'McDonalds', 'FOOD'),
(5, 'TSR', 'TRAVEL'),
(6, 'Uber', 'TRAVEL'),
(7, 'Shopee', 'SHOPPING'),
(8, 'Netflix', 'ENTERTAINMENT'),
(9, 'Eslite Bookstore', 'SHOPPING'),
(10, 'Carrefour', 'SHOPPING');

-- ===== 3. CARD_APPLICATION（30 筆）=====
SET IDENTITY_INSERT CARD_APPLICATION ON;
INSERT INTO CARD_APPLICATION (application_id, customer_id, apply_date, status, remark) VALUES
(1, 'NCCE4HAE', GETDATE(), 'REJECTED', N'信用紀錄不良'),
(2, 'MS66KE6Z', GETDATE(), 'APPROVED', NULL),
(3, '8WD3OKAN', GETDATE(), 'APPROVED', NULL),
(4, '0SGQ53AL', GETDATE(), 'REJECTED', N'信用評分不足'),
(5, 'XNS8EHIV', GETDATE(), 'REJECTED', N'信用評分不足'),
(6, 'TX42681Y', GETDATE(), 'REJECTED', N'年齡限制'),
(7, 'VVEG6UIA', GETDATE(), 'APPROVED', NULL),
(8, 'K02RA81R', GETDATE(), 'PENDING', NULL),
(9, 'RFCD6MZS', GETDATE(), 'APPROVED', NULL),
(10, '0RUDBRSI', GETDATE(), 'PENDING', NULL),
(11, 'HRJAE8QK', GETDATE(), 'PENDING', NULL),
(12, '8UM5K4GD', GETDATE(), 'APPROVED', N'VIP核准'),
(13, 'ZNP7UYA7', GETDATE(), 'APPROVED', N'優質客戶'),
(14, 'MFB8U3C5', GETDATE(), 'APPROVED', N'信用良好'),
(15, 'LO3P1JZO', GETDATE(), 'APPROVED', NULL),
(16, '8RA4DV56', GETDATE(), 'APPROVED', NULL),
(17, 'TF52BWHN', GETDATE(), 'APPROVED', NULL),
(18, '8AGT3JW3', GETDATE(), 'APPROVED', N'信用良好'),
(19, 'N7OGKH50', GETDATE(), 'APPROVED', NULL),
(20, 'RYIEJ9C0', GETDATE(), 'PENDING', NULL),
(21, 'S0CDK36M', GETDATE(), 'APPROVED', NULL),
(22, '1DU7V8FY', GETDATE(), 'APPROVED', N'優質客戶'),
(23, 'QNJ0ROCM', GETDATE(), 'PENDING', NULL),
(24, 'CR85XL6V', GETDATE(), 'PENDING', NULL),
(25, 'OONNCILD', GETDATE(), 'PENDING', NULL),
(26, 'F8NK5G2Z', GETDATE(), 'APPROVED', N'VIP核准'),
(27, '127EXVDA', GETDATE(), 'APPROVED', N'優質客戶'),
(28, 'Y5AYYOV8', GETDATE(), 'REJECTED', N'年齡限制'),
(29, 'KREG167D', GETDATE(), 'APPROVED', N'信用良好'),
(30, 'HZ364PKN', GETDATE(), 'APPROVED', N'信用良好');
SET IDENTITY_INSERT CARD_APPLICATION OFF;

-- ===== 4. CARD_APPLICATION_ITEM =====
SET IDENTITY_INSERT CARD_APPLICATION_ITEM ON;
INSERT INTO CARD_APPLICATION_ITEM
(item_id, application_id, card_type_id, result, approved_limit, annual_fee, create_card_flag, remark) VALUES
(1, 1, 1, 'REJECTED', NULL, NULL, 0, N'評分不足'),
(2, 2, 2, 'APPROVED', 120000, 2000, 1, NULL),
(3, 3, 3, 'APPROVED', 200000, 1500, 1, NULL),
(4, 4, 4, 'REJECTED', NULL, NULL, 0, N'評分不足'),
(5, 5, 5, 'REJECTED', NULL, NULL, 0, N'評分不足'),
(6, 6, 6, 'REJECTED', NULL, NULL, 0, N'評分不足'),
(7, 7, 7, 'APPROVED', 100000, 3000, 1, NULL),
(8, 8, 8, 'PENDING', NULL, NULL, 0, NULL),
(9, 9, 9, 'APPROVED', 300000, 900, 1, NULL),
(10, 10, 10, 'PENDING', NULL, NULL, 0, NULL),
(11, 11, 1, 'PENDING', NULL, NULL, 0, NULL),
(12, 12, 2, 'APPROVED', 50000, 2000, 1, NULL),
(13, 13, 3, 'APPROVED', 150000, 1500, 1, NULL),
(14, 14, 4, 'APPROVED', 500000, 800, 1, NULL),
(15, 15, 5, 'APPROVED', 150000, 0, 1, NULL),
(16, 16, 6, 'APPROVED', 80000, 5000, 1, NULL),
(17, 17, 7, 'APPROVED', 120000, 3000, 1, NULL),
(18, 18, 8, 'APPROVED', 150000, 1200, 1, NULL),
(19, 19, 9, 'APPROVED', 50000, 900, 1, NULL),
(20, 20, 10, 'PENDING', NULL, NULL, 0, NULL),
(21, 21, 1, 'APPROVED', 500000, 1000, 1, NULL),
(22, 22, 2, 'APPROVED', 80000, 2000, 1, NULL),
(23, 23, 3, 'PENDING', NULL, NULL, 0, NULL),
(24, 24, 4, 'PENDING', NULL, NULL, 0, NULL),
(25, 25, 5, 'PENDING', NULL, NULL, 0, NULL),
(26, 26, 6, 'APPROVED', 100000, 5000, 1, NULL),
(27, 27, 7, 'APPROVED', 80000, 3000, 1, NULL),
(28, 28, 8, 'REJECTED', NULL, NULL, 0, N'評分不足'),
(29, 29, 9, 'APPROVED', 500000, 900, 1, NULL),
(30, 30, 10, 'APPROVED', 300000, 10000, 1, NULL);
SET IDENTITY_INSERT CARD_APPLICATION_ITEM OFF;

-- ===== 5. CREDIT_CARD（50 筆）=====
SET IDENTITY_INSERT CREDIT_CARD ON;
INSERT INTO CREDIT_CARD
(card_id, customer_id, card_type_id, application_item_id, card_number, expiry_date, credit_limit, current_balance, status) VALUES
(1, 'MS66KE6Z', 1, 2, '4000000010000001', '2028-01-28', 300000, 48399, 'ACTIVE'),
(2, '8WD3OKAN', 2, 3, '4000000010000002', '2028-02-28', 120000, 6003, 'ACTIVE'),
(3, 'VVEG6UIA', 3, 7, '4000000010000003', '2028-03-28', 50000, 7910, 'BLOCKED'),
(4, 'RFCD6MZS', 4, 9, '4000000010000004', '2028-04-28', 120000, 4767, 'ACTIVE'),
(5, '8UM5K4GD', 5, 12, '4000000010000005', '2028-05-28', 500000, 48896, 'ACTIVE'),
(6, 'ZNP7UYA7', 6, 13, '4000000010000006', '2028-06-28', 500000, 84796, 'ACTIVE'),
(7, 'MFB8U3C5', 7, 14, '4000000010000007', '2029-07-28', 80000, 9240, 'ACTIVE'),
(8, 'LO3P1JZO', 8, 15, '4000000010000008', '2029-08-28', 100000, 9968, 'ACTIVE'),
(9, '8RA4DV56', 9, 16, '4000000010000009', '2029-09-28', 300000, 21385, 'ACTIVE'),
(10, 'TF52BWHN', 10, 17, '4000000010000010', '2029-10-28', 50000, 4492, 'ACTIVE'),
(11, '8AGT3JW3', 1, 18, '4000000010000011', '2029-11-28', 50000, 3737, 'ACTIVE'),
(12, 'N7OGKH50', 2, 19, '4000000010000012', '2029-12-28', 300000, 42153, 'ACTIVE'),
(13, 'S0CDK36M', 3, 21, '4000000010000013', '2030-01-28', 80000, 1416, 'ACTIVE'),
(14, '1DU7V8FY', 4, 22, '4000000010000014', '2030-02-28', 500000, 6421, 'ACTIVE'),
(15, 'F8NK5G2Z', 5, 26, '4000000010000015', '2030-03-28', 100000, 15637, 'BLOCKED'),
(16, '127EXVDA', 6, 27, '4000000010000016', '2030-04-28', 50000, 2893, 'ACTIVE'),
(17, 'KREG167D', 7, 29, '4000000010000017', '2030-05-28', 300000, 7361, 'BLOCKED'),
(18, 'HZ364PKN', 8, 30, '4000000010000018', '2030-06-28', 500000, 92081, 'ACTIVE'),
(19, 'C5WI6FQJ', 9, NULL, '4000000010000019', '2028-07-28', 100000, 11339, 'ACTIVE'),
(20, 'GW3PAJVF', 10, NULL, '4000000010000020', '2028-08-28', 100000, 16107, 'BLOCKED'),
(21, '1H4O8LYE', 1, NULL, '4000000010000021', '2029-09-28', 200000, 10572, 'ACTIVE'),
(22, '9KAI1X2I', 2, NULL, '4000000010000022', '2029-10-28', 50000, 6139, 'ACTIVE'),
(23, 'Y2WZ6DDY', 3, NULL, '4000000010000023', '2029-11-28', 300000, 2771, 'ACTIVE'),
(24, 'XLAXHNOC', 4, NULL, '4000000010000024', '2029-12-28', 100000, 8104, 'ACTIVE'),
(25, 'QQFLNOJK', 5, NULL, '4000000010000025', '2029-01-28', 500000, 53122, 'ACTIVE'),
(26, 'BLXBV36T', 6, NULL, '4000000010000026', '2029-02-28', 50000, 6641, 'ACTIVE'),
(27, 'C9E82N39', 7, NULL, '4000000010000027', '2029-03-28', 300000, 16590, 'ACTIVE'),
(28, '7PRTDQIJ', 8, NULL, '4000000010000028', '2029-04-28', 300000, 4690, 'ACTIVE'),
(29, 'TOHRNQI7', 9, NULL, '4000000010000029', '2029-05-28', 80000, 11110, 'ACTIVE'),
(30, 'W8EIRHRL', 10, NULL, '4000000010000030', '2029-06-28', 50000, 8792, 'ACTIVE'),
(31, 'FN4OQXHN', 1, NULL, '4000000010000031', '2030-07-28', 80000, 1726, 'BLOCKED'),
(32, 'PORU09BO', 2, NULL, '4000000010000032', '2030-08-28', 500000, 34065, 'ACTIVE'),
(33, 'KRT0IGYO', 3, NULL, '4000000010000033', '2030-09-28', 80000, 12034, 'ACTIVE'),
(34, '8IMDGAJB', 4, NULL, '4000000010000034', '2030-10-28', 150000, 25978, 'ACTIVE'),
(35, 'B5APO4LJ', 5, NULL, '4000000010000035', '2030-11-28', 100000, 2112, 'ACTIVE'),
(36, 'B8E9UF3Q', 6, NULL, '4000000010000036', '2030-12-28', 120000, 18103, 'ACTIVE'),
(37, '0EK3LNKO', 7, NULL, '4000000010000037', '2030-01-28', 100000, 16328, 'ACTIVE'),
(38, '2IXEXB92', 8, NULL, '4000000010000038', '2030-02-28', 150000, 12148, 'ACTIVE'),
(39, 'FT2NBFU7', 9, NULL, '4000000010000039', '2030-03-28', 200000, 35435, 'ACTIVE'),
(40, 'BSYQYEFF', 10, NULL, '4000000010000040', '2030-04-28', 100000, 10129, 'ACTIVE'),
(41, 'HRJAE8QK', 1, NULL, '4000000010000041', '2031-05-28', 50000, 6691, 'ACTIVE'),
(42, 'XNS8EHIV', 2, NULL, '4000000010000042', '2031-06-28', 80000, 8233, 'ACTIVE'),
(43, 'THT7UGVI', 3, NULL, '4000000010000043', '2031-07-28', 300000, 48036, 'ACTIVE'),
(44, 'HCKXPDA6', 4, NULL, '4000000010000044', '2031-08-28', 80000, 4807, 'ACTIVE'),
(45, '753PIXDI', 5, NULL, '4000000010000045', '2031-09-28', 200000, 24309, 'ACTIVE'),
(46, 'HUON3QAS', 6, NULL, '4000000010000046', '2031-10-28', 50000, 9594, 'ACTIVE'),
(47, '32TE5X53', 7, NULL, '4000000010000047', '2031-11-28', 100000, 7782, 'BLOCKED'),
(48, 'W710RWTC', 8, NULL, '4000000010000048', '2031-12-28', 500000, 62038, 'ACTIVE'),
(49, '5GYIMQ5G', 9, NULL, '4000000010000049', '2031-01-28', 150000, 27662, 'BLOCKED'),
(50, '4FQKSD7G', 10, NULL, '4000000010000050', '2031-02-28', 500000, 44008, 'ACTIVE');
SET IDENTITY_INSERT CREDIT_CARD OFF;

-- ===== 6. CARD_TRANSACTION（200 筆）=====
SET IDENTITY_INSERT CARD_TRANSACTION ON;
INSERT INTO CARD_TRANSACTION
(txn_id, card_id, merchant_id, ref_txn_id, txn_amount, txn_type, description) VALUES
(1, 6, 6, NULL, 50, 'PURCHASE', N'計程車'),
(2, 36, 1, NULL, 250, 'PURCHASE', N'便利商店'),
(3, 26, 9, NULL, 600, 'PURCHASE', N'誠品購書'),
(4, 37, 7, NULL, 100, 'PURCHASE', N'蝦皮購物'),
(5, 3, 4, NULL, 100, 'REFUND', N'麥當勞用餐'),
(6, 36, 3, NULL, 1000, 'PURCHASE', N'星巴克咖啡'),
(7, 32, 8, NULL, 5000, 'PURCHASE', N'串流訂閱'),
(8, 27, 8, NULL, 450, 'PURCHASE', N'串流訂閱'),
(9, 50, 4, NULL, 1500, 'PURCHASE', N'餐廳消費'),
(10, 33, 8, NULL, 300, 'PURCHASE', N'Netflix 訂閱'),
(11, 47, 6, NULL, 2000, 'PURCHASE', N'Uber 叫車'),
(12, 14, 10, NULL, 250, 'PURCHASE', N'日用品採購'),
(13, 25, 8, NULL, 300, 'PURCHASE', N'串流訂閱'),
(14, 36, 1, NULL, 3000, 'PURCHASE', N'便利商店'),
(15, 24, 4, NULL, 250, 'PURCHASE', N'麥當勞用餐'),
(16, 40, 9, NULL, 2500, 'PURCHASE', N'文具用品'),
(17, 5, 1, NULL, 300, 'PURCHASE', N'便利商店'),
(18, 11, 6, NULL, 200, 'PURCHASE', N'計程車'),
(19, 46, 10, NULL, 5000, 'PURCHASE', N'家樂福採購'),
(20, 32, 7, NULL, 200, 'PURCHASE', N'網購'),
(21, 11, 1, NULL, 300, 'PURCHASE', N'便利商店'),
(22, 37, 8, NULL, 200, 'PURCHASE', N'串流訂閱'),
(23, 14, 6, NULL, 450, 'PURCHASE', N'Uber 叫車'),
(24, 28, 4, NULL, 390, 'PURCHASE', N'麥當勞用餐'),
(25, 49, 9, NULL, 800, 'PURCHASE', N'誠品購書'),
(26, 3, 7, NULL, 450, 'PURCHASE', N'網購'),
(27, 5, 7, NULL, 250, 'PURCHASE', N'蝦皮購物'),
(28, 50, 8, NULL, 300, 'PURCHASE', N'串流訂閱'),
(29, 46, 8, NULL, 100, 'PURCHASE', N'Netflix 訂閱'),
(30, 21, 4, NULL, 150, 'PURCHASE', N'外送平台'),
(31, 41, 8, NULL, 2000, 'PURCHASE', N'Netflix 訂閱'),
(32, 48, 6, NULL, 300, 'PURCHASE', N'計程車'),
(33, 29, 10, NULL, 250, 'PURCHASE', N'日用品採購'),
(34, 7, 9, NULL, 800, 'REFUND', N'文具用品'),
(35, 37, 3, NULL, 2000, 'PURCHASE', N'星巴克咖啡'),
(36, 37, 5, NULL, 1200, 'PURCHASE', N'高鐵車票'),
(37, 38, 8, NULL, 2500, 'PURCHASE', N'串流訂閱'),
(38, 13, 10, NULL, 250, 'PURCHASE', N'家樂福採購'),
(39, 35, 5, NULL, 500, 'REFUND', N'高鐵車票'),
(40, 37, 9, NULL, 1200, 'PURCHASE', N'誠品購書'),
(41, 39, 8, NULL, 50, 'PURCHASE', N'Netflix 訂閱'),
(42, 35, 4, NULL, 250, 'PURCHASE', N'外送平台'),
(43, 32, 9, NULL, 800, 'PURCHASE', N'誠品購書'),
(44, 29, 9, NULL, 150, 'PURCHASE', N'誠品購書'),
(45, 45, 5, NULL, 390, 'PURCHASE', N'交通費'),
(46, 27, 3, NULL, 3000, 'PURCHASE', N'咖啡廳'),
(47, 14, 4, NULL, 250, 'PURCHASE', N'餐廳消費'),
(48, 19, 8, NULL, 450, 'PURCHASE', N'Netflix 訂閱'),
(49, 23, 3, NULL, 50, 'PURCHASE', N'咖啡廳'),
(50, 13, 9, NULL, 390, 'PURCHASE', N'文具用品'),
(51, 44, 4, NULL, 500, 'PURCHASE', N'餐廳消費'),
(52, 20, 4, NULL, 500, 'PURCHASE', N'外送平台'),
(53, 38, 1, NULL, 50, 'PURCHASE', N'7-11 消費'),
(54, 23, 8, NULL, 100, 'PURCHASE', N'Netflix 訂閱'),
(55, 6, 10, NULL, 1000, 'REFUND', N'日用品採購'),
(56, 17, 9, NULL, 2000, 'PURCHASE', N'文具用品'),
(57, 39, 9, NULL, 500, 'PURCHASE', N'誠品購書'),
(58, 13, 6, NULL, 1200, 'PURCHASE', N'計程車'),
(59, 19, 4, NULL, 390, 'PURCHASE', N'麥當勞用餐'),
(60, 8, 4, NULL, 2500, 'PURCHASE', N'餐廳消費'),
(61, 22, 1, NULL, 2500, 'PURCHASE', N'7-11 消費'),
(62, 40, 10, NULL, 3000, 'PURCHASE', N'日用品採購'),
(63, 22, 7, NULL, 2500, 'PURCHASE', N'網購'),
(64, 47, 1, NULL, 200, 'PURCHASE', N'7-11 消費'),
(65, 1, 4, NULL, 3000, 'PURCHASE', N'麥當勞用餐'),
(66, 26, 10, NULL, 1200, 'PURCHASE', N'家樂福採購'),
(67, 21, 5, NULL, 1500, 'PURCHASE', N'高鐵車票'),
(68, 37, 9, NULL, 250, 'PURCHASE', N'文具用品'),
(69, 28, 7, NULL, 800, 'REFUND', N'蝦皮購物'),
(70, 19, 10, NULL, 1000, 'PURCHASE', N'家樂福採購'),
(71, 31, 6, NULL, 2000, 'PURCHASE', N'Uber 叫車'),
(72, 47, 8, NULL, 100, 'REFUND', N'Netflix 訂閱'),
(73, 31, 8, NULL, 2000, 'PURCHASE', N'Netflix 訂閱'),
(74, 11, 10, NULL, 100, 'PURCHASE', N'家樂福採購'),
(75, 1, 2, NULL, 2000, 'PURCHASE', N'全家消費'),
(76, 19, 7, NULL, 390, 'PURCHASE', N'蝦皮購物'),
(77, 14, 4, NULL, 500, 'PURCHASE', N'外送平台'),
(78, 40, 8, NULL, 2500, 'PURCHASE', N'Netflix 訂閱'),
(79, 42, 5, NULL, 150, 'PURCHASE', N'高鐵車票'),
(80, 44, 10, NULL, 500, 'PURCHASE', N'日用品採購'),
(81, 28, 10, NULL, 200, 'PURCHASE', N'日用品採購'),
(82, 11, 8, NULL, 600, 'PURCHASE', N'串流訂閱'),
(83, 14, 1, NULL, 800, 'PURCHASE', N'便利商店'),
(84, 4, 6, NULL, 200, 'PURCHASE', N'Uber 叫車'),
(85, 20, 4, NULL, 300, 'PURCHASE', N'餐廳消費'),
(86, 8, 3, NULL, 390, 'PURCHASE', N'星巴克咖啡'),
(87, 12, 1, NULL, 100, 'PURCHASE', N'7-11 消費'),
(88, 26, 10, NULL, 250, 'PURCHASE', N'家樂福採購'),
(89, 32, 3, NULL, 1200, 'PURCHASE', N'星巴克咖啡'),
(90, 41, 3, NULL, 390, 'PURCHASE', N'咖啡廳'),
(91, 39, 4, NULL, 1500, 'PURCHASE', N'餐廳消費'),
(92, 19, 4, NULL, 390, 'PURCHASE', N'餐廳消費'),
(93, 5, 5, NULL, 2000, 'PURCHASE', N'高鐵車票'),
(94, 3, 4, NULL, 50, 'PURCHASE', N'餐廳消費'),
(95, 42, 9, NULL, 50, 'PURCHASE', N'誠品購書'),
(96, 40, 5, NULL, 390, 'PURCHASE', N'交通費'),
(97, 34, 1, NULL, 800, 'PURCHASE', N'便利商店'),
(98, 45, 7, NULL, 50, 'PURCHASE', N'蝦皮購物'),
(99, 17, 10, NULL, 2500, 'PURCHASE', N'日用品採購'),
(100, 30, 3, NULL, 50, 'PURCHASE', N'星巴克咖啡'),
(101, 14, 3, NULL, 2500, 'PURCHASE', N'咖啡廳'),
(102, 32, 6, NULL, 50, 'PURCHASE', N'計程車'),
(103, 13, 2, NULL, 50, 'PURCHASE', N'全家消費'),
(104, 19, 6, NULL, 100, 'PURCHASE', N'計程車'),
(105, 7, 6, NULL, 1000, 'PURCHASE', N'Uber 叫車'),
(106, 4, 7, NULL, 2000, 'PURCHASE', N'網購'),
(107, 35, 9, NULL, 1000, 'PURCHASE', N'誠品購書'),
(108, 39, 9, NULL, 50, 'PURCHASE', N'文具用品'),
(109, 19, 10, NULL, 800, 'PURCHASE', N'家樂福採購'),
(110, 29, 5, NULL, 3000, 'PURCHASE', N'高鐵車票'),
(111, 30, 6, NULL, 2000, 'PURCHASE', N'計程車'),
(112, 36, 1, NULL, 250, 'PURCHASE', N'便利商店'),
(113, 8, 2, NULL, 3000, 'PURCHASE', N'全家消費'),
(114, 12, 2, NULL, 3000, 'PURCHASE', N'全家消費'),
(115, 39, 7, NULL, 3000, 'PURCHASE', N'蝦皮購物'),
(116, 3, 6, NULL, 2500, 'PURCHASE', N'Uber 叫車'),
(117, 33, 1, NULL, 100, 'PURCHASE', N'7-11 消費'),
(118, 36, 4, NULL, 50, 'PURCHASE', N'餐廳消費'),
(119, 9, 3, NULL, 1000, 'PURCHASE', N'咖啡廳'),
(120, 50, 7, NULL, 1200, 'PURCHASE', N'網購'),
(121, 21, 6, NULL, 2000, 'PURCHASE', N'計程車'),
(122, 7, 5, NULL, 1000, 'PURCHASE', N'高鐵車票'),
(123, 16, 4, NULL, 3000, 'PURCHASE', N'麥當勞用餐'),
(124, 6, 8, NULL, 1200, 'PURCHASE', N'Netflix 訂閱'),
(125, 2, 9, NULL, 1500, 'PURCHASE', N'誠品購書'),
(126, 8, 9, NULL, 300, 'PURCHASE', N'文具用品'),
(127, 39, 2, NULL, 2500, 'PURCHASE', N'全家消費'),
(128, 38, 9, NULL, 2500, 'PURCHASE', N'文具用品'),
(129, 8, 6, NULL, 1000, 'PURCHASE', N'Uber 叫車'),
(130, 18, 6, NULL, 150, 'PURCHASE', N'計程車'),
(131, 16, 5, NULL, 800, 'PURCHASE', N'高鐵車票'),
(132, 30, 9, NULL, 250, 'PURCHASE', N'文具用品'),
(133, 37, 5, NULL, 200, 'PURCHASE', N'交通費'),
(134, 31, 4, NULL, 800, 'PURCHASE', N'麥當勞用餐'),
(135, 26, 10, NULL, 200, 'PURCHASE', N'日用品採購'),
(136, 26, 6, NULL, 450, 'PURCHASE', N'計程車'),
(137, 20, 7, NULL, 390, 'PURCHASE', N'網購'),
(138, 28, 9, NULL, 1000, 'PURCHASE', N'文具用品'),
(139, 3, 7, NULL, 2500, 'PURCHASE', N'網購'),
(140, 19, 7, NULL, 150, 'PURCHASE', N'網購'),
(141, 16, 1, NULL, 500, 'PURCHASE', N'7-11 消費'),
(142, 30, 4, NULL, 1000, 'PURCHASE', N'餐廳消費'),
(143, 39, 2, NULL, 200, 'PURCHASE', N'全家消費'),
(144, 17, 8, NULL, 100, 'PURCHASE', N'串流訂閱'),
(145, 50, 4, NULL, 100, 'PURCHASE', N'麥當勞用餐'),
(146, 35, 4, NULL, 2500, 'PURCHASE', N'餐廳消費'),
(147, 34, 3, NULL, 600, 'PURCHASE', N'咖啡廳'),
(148, 36, 1, NULL, 1000, 'PURCHASE', N'便利商店'),
(149, 26, 5, NULL, 1500, 'PURCHASE', N'高鐵車票'),
(150, 32, 1, NULL, 250, 'PURCHASE', N'便利商店'),
(151, 42, 7, NULL, 2000, 'PURCHASE', N'蝦皮購物'),
(152, 26, 1, NULL, 1500, 'PURCHASE', N'便利商店'),
(153, 31, 2, NULL, 3000, 'PURCHASE', N'全家消費'),
(154, 47, 6, NULL, 300, 'PURCHASE', N'計程車'),
(155, 40, 7, NULL, 50, 'PURCHASE', N'蝦皮購物'),
(156, 28, 8, NULL, 450, 'PURCHASE', N'Netflix 訂閱'),
(157, 3, 10, NULL, 500, 'PURCHASE', N'家樂福採購'),
(158, 8, 9, NULL, 2500, 'PURCHASE', N'誠品購書'),
(159, 48, 1, NULL, 5000, 'PURCHASE', N'7-11 消費'),
(160, 31, 5, NULL, 1200, 'PURCHASE', N'交通費'),
(161, 24, 7, NULL, 250, 'PURCHASE', N'網購'),
(162, 3, 9, NULL, 250, 'PURCHASE', N'誠品購書'),
(163, 4, 6, NULL, 390, 'PURCHASE', N'Uber 叫車'),
(164, 33, 8, NULL, 1500, 'PURCHASE', N'Netflix 訂閱'),
(165, 3, 7, NULL, 2500, 'PURCHASE', N'蝦皮購物'),
(166, 21, 5, NULL, 1000, 'PURCHASE', N'高鐵車票'),
(167, 5, 9, NULL, 1200, 'PURCHASE', N'誠品購書'),
(168, 9, 2, NULL, 450, 'PURCHASE', N'全家消費'),
(169, 3, 9, NULL, 800, 'PURCHASE', N'文具用品'),
(170, 22, 3, NULL, 100, 'PURCHASE', N'星巴克咖啡'),
(171, 15, 9, NULL, 500, 'PURCHASE', N'文具用品'),
(172, 41, 8, NULL, 500, 'PURCHASE', N'Netflix 訂閱'),
(173, 20, 10, NULL, 800, 'PURCHASE', N'家樂福採購'),
(174, 5, 10, NULL, 600, 'PURCHASE', N'日用品採購'),
(175, 30, 5, NULL, 3000, 'PURCHASE', N'高鐵車票'),
(176, 3, 9, NULL, 1000, 'PURCHASE', N'文具用品'),
(177, 30, 9, NULL, 1000, 'PURCHASE', N'文具用品'),
(178, 31, 3, NULL, 2000, 'PURCHASE', N'咖啡廳'),
(179, 14, 1, NULL, 3000, 'PURCHASE', N'7-11 消費'),
(180, 3, 9, NULL, 500, 'PURCHASE', N'文具用品'),
(181, 24, 9, NULL, 100, 'PURCHASE', N'誠品購書'),
(182, 7, 9, NULL, 390, 'PURCHASE', N'文具用品'),
(183, 42, 6, NULL, 5000, 'PURCHASE', N'Uber 叫車'),
(184, 1, 4, NULL, 50, 'PURCHASE', N'麥當勞用餐'),
(185, 23, 7, NULL, 450, 'PURCHASE', N'蝦皮購物'),
(186, 25, 6, NULL, 800, 'PURCHASE', N'Uber 叫車'),
(187, 10, 7, NULL, 500, 'PURCHASE', N'蝦皮購物'),
(188, 28, 6, NULL, 300, 'PURCHASE', N'Uber 叫車'),
(189, 2, 3, NULL, 100, 'PURCHASE', N'咖啡廳'),
(190, 7, 6, NULL, 390, 'PURCHASE', N'Uber 叫車'),
(191, 37, 1, NULL, 2000, 'PURCHASE', N'便利商店'),
(192, 34, 3, NULL, 3000, 'PURCHASE', N'星巴克咖啡'),
(193, 1, 5, NULL, 800, 'PURCHASE', N'交通費'),
(194, 30, 4, NULL, 3000, 'PURCHASE', N'餐廳消費'),
(195, 39, 6, NULL, 1000, 'PURCHASE', N'計程車'),
(196, 25, 3, NULL, 600, 'PURCHASE', N'咖啡廳'),
(197, 11, 2, NULL, 5000, 'PURCHASE', N'全家消費'),
(198, 25, 4, NULL, 450, 'PURCHASE', N'餐廳消費'),
(199, 27, 9, NULL, 100, 'PURCHASE', N'誠品購書'),
(200, 32, 7, NULL, 5000, 'PURCHASE', N'網購');
SET IDENTITY_INSERT CARD_TRANSACTION OFF;

-- ===== 7. CARD_BILL（50 筆）=====
SET IDENTITY_INSERT CARD_BILL ON;
INSERT INTO CARD_BILL
(bill_id, card_id, billing_month, bill_date, due_date, total_amount, minimum_payment, paid_amount, bill_status) VALUES
(1, 1, '2026-02', '2026-02-25', '2026-03-10', 15000, 1500, 5877, 'PARTIAL'),
(2, 2, '2026-04', '2026-04-25', '2026-05-10', 15000, 1500, 0, 'UNPAID'),
(3, 3, '2026-03', '2026-03-25', '2026-04-10', 15000, 1500, 15000, 'PAID'),
(4, 4, '2026-04', '2026-04-25', '2026-05-10', 15000, 1500, 8387, 'PARTIAL'),
(5, 5, '2026-03', '2026-03-25', '2026-04-10', 3000, 300, 0, 'UNPAID'),
(6, 6, '2026-02', '2026-02-25', '2026-03-10', 20000, 2000, 19667, 'PARTIAL'),
(7, 7, '2026-03', '2026-03-25', '2026-04-10', 5000, 500, 0, 'UNPAID'),
(8, 8, '2026-04', '2026-04-25', '2026-05-10', 5000, 500, 5000, 'PAID'),
(9, 9, '2026-04', '2026-04-25', '2026-05-10', 15000, 1500, 0, 'UNPAID'),
(10, 10, '2026-01', '2026-01-25', '2026-02-10', 3000, 300, 3000, 'PAID'),
(11, 11, '2026-03', '2026-03-25', '2026-04-10', 20000, 2000, 14408, 'PARTIAL'),
(12, 12, '2026-04', '2026-04-25', '2026-05-10', 2000, 200, 2000, 'PAID'),
(13, 13, '2026-01', '2026-01-25', '2026-02-10', 20000, 2000, 10169, 'PARTIAL'),
(14, 14, '2026-02', '2026-02-25', '2026-03-10', 30000, 3000, 30000, 'PAID'),
(15, 15, '2026-01', '2026-01-25', '2026-02-10', 10000, 1000, 0, 'UNPAID'),
(16, 16, '2026-03', '2026-03-25', '2026-04-10', 20000, 2000, 20000, 'PAID'),
(17, 17, '2026-04', '2026-04-25', '2026-05-10', 2000, 200, 0, 'UNPAID'),
(18, 18, '2026-02', '2026-02-25', '2026-03-10', 15000, 1500, 0, 'UNPAID'),
(19, 19, '2026-04', '2026-04-25', '2026-05-10', 15000, 1500, 15000, 'PAID'),
(20, 20, '2026-01', '2026-01-25', '2026-02-10', 7000, 700, 0, 'UNPAID'),
(21, 21, '2026-03', '2026-03-25', '2026-04-10', 10000, 1000, 0, 'UNPAID'),
(22, 22, '2026-01', '2026-01-25', '2026-02-10', 1000, 100, 0, 'UNPAID'),
(23, 23, '2026-02', '2026-02-25', '2026-03-10', 30000, 3000, 30000, 'PAID'),
(24, 24, '2026-02', '2026-02-25', '2026-03-10', 7000, 700, 0, 'UNPAID'),
(25, 25, '2026-03', '2026-03-25', '2026-04-10', 5000, 500, 5000, 'PAID'),
(26, 26, '2026-02', '2026-02-25', '2026-03-10', 20000, 2000, 0, 'UNPAID'),
(27, 27, '2026-01', '2026-01-25', '2026-02-10', 15000, 1500, 0, 'UNPAID'),
(28, 28, '2026-02', '2026-02-25', '2026-03-10', 5000, 500, 5000, 'PAID'),
(29, 29, '2026-01', '2026-01-25', '2026-02-10', 10000, 1000, 10000, 'PAID'),
(30, 30, '2026-02', '2026-02-25', '2026-03-10', 5000, 500, 5000, 'PAID'),
(31, 31, '2026-03', '2026-03-25', '2026-04-10', 2000, 200, 0, 'UNPAID'),
(32, 32, '2026-02', '2026-02-25', '2026-03-10', 30000, 3000, 0, 'UNPAID'),
(33, 33, '2026-02', '2026-02-25', '2026-03-10', 7000, 700, 0, 'UNPAID'),
(34, 34, '2026-04', '2026-04-25', '2026-05-10', 3000, 300, 3000, 'PAID'),
(35, 35, '2026-04', '2026-04-25', '2026-05-10', 7000, 700, 0, 'UNPAID'),
(36, 36, '2026-01', '2026-01-25', '2026-02-10', 1000, 100, 824, 'PARTIAL'),
(37, 37, '2026-02', '2026-02-25', '2026-03-10', 5000, 500, 5000, 'PAID'),
(38, 38, '2026-04', '2026-04-25', '2026-05-10', 5000, 500, 0, 'UNPAID'),
(39, 39, '2026-01', '2026-01-25', '2026-02-10', 20000, 2000, 20000, 'PAID'),
(40, 40, '2026-03', '2026-03-25', '2026-04-10', 20000, 2000, 20000, 'PAID'),
(41, 41, '2026-02', '2026-02-25', '2026-03-10', 3000, 300, 0, 'UNPAID'),
(42, 42, '2026-01', '2026-01-25', '2026-02-10', 2000, 200, 0, 'UNPAID'),
(43, 43, '2026-03', '2026-03-25', '2026-04-10', 10000, 1000, 0, 'UNPAID'),
(44, 44, '2026-03', '2026-03-25', '2026-04-10', 3000, 300, 3000, 'PAID'),
(45, 45, '2026-03', '2026-03-25', '2026-04-10', 7000, 700, 1651, 'PARTIAL'),
(46, 46, '2026-04', '2026-04-25', '2026-05-10', 1000, 100, 1000, 'PAID'),
(47, 47, '2026-02', '2026-02-25', '2026-03-10', 2000, 200, 1870, 'PARTIAL'),
(48, 48, '2026-01', '2026-01-25', '2026-02-10', 30000, 3000, 0, 'UNPAID'),
(49, 49, '2026-01', '2026-01-25', '2026-02-10', 7000, 700, 0, 'UNPAID'),
(50, 50, '2026-03', '2026-03-25', '2026-04-10', 2000, 200, 2000, 'PAID');
SET IDENTITY_INSERT CARD_BILL OFF;
